{"cameraMode":{"drawMode":0,"name":"Shaded","section":"Shading Mode"},"sceneLighting":false,"audioPlay":false,"sceneViewState":{"showFog":true,"showMaterialUpdate":false,"showSkybox":false,"showFlares":true,"showImageEffects":true,"showParticleSystems":true},"in2DMode":false,"pivot":{"x":6.708000183105469,"y":1.0462427139282227,"z":0.3577556610107422},"rotation":{"x":0.1993587166070938,"y":-0.012336945161223412,"z":0.0025686000008136036,"w":0.9798656702041626},"size":30.289979934692384,"orthographic":false}